{
  "frequency PDFs" : [
    {
      "pfm transient number" : 1,
      "thermal-hydraulic sequence number" : 16,
      "PDF" : {
        "f" : [
          0.000000179, 0.000000207, 0.000000512, 0.00000111, 0.0000024,
          0.00000464, 0.00000663, 0.00000938, 0.0000157, 0.0000249,
          0.0000407, 0.0000657, 0.0000914, 0.00012, 0.000269,
          0.000542, 0.000914, 0.00166, 0.00268, 0.00543
        ],
        "d(f)" : [
          0.5, 0.5, 1.5, 2.5, 5.0,
          10.0, 5.0, 5.0, 10.0, 10.0,
          10.0, 10.0, 5.0, 5.0, 10.0,
          5.0, 2.5, 1.5, 0.5, 0.5
        ],
        "f units" : "1/y",
        "d(f) units" : "%"
      }
    },
    {
      "pfm transient number" : 2,
      "thermal-hydraulic sequence number" : 19,
      "PDF" : {
        "f" : [
          0.00000544, 0.00000642, 0.0000159, 0.0000307, 0.0000551,
          0.000111, 0.000158, 0.000196, 0.000293, 0.000497,
          0.000786, 0.00133, 0.00179, 0.00237, 0.00548,
          0.00959, 0.0168, 0.0257, 0.0466, 0.116
        ],
        "d(f)" : [
          0.5, 0.5, 1.5, 2.5, 5.0,
          10.0, 5.0, 5.0, 10.0, 10.0,
          10.0, 10.0, 5.0, 5.0, 10.0,
          5.0, 2.5, 1.5, 0.5, 0.5
        ],
        "f units" : "1/y",
        "d(f) units" : "%"
      }
    },
    {
      "pfm transient number" : 3,
      "thermal-hydraulic sequence number" : 24,
      "PDF" : {
        "f" : [
          0.00000001, 0.000000012, 0.000000019, 0.0000000298, 0.0000000458,
          0.000000191, 0.000000279, 0.000000328, 0.000000428, 0.000000591,
          0.00000103, 0.00000146, 0.00000186, 0.00000265, 0.0000056,
          0.0000143, 0.0000192, 0.0000254, 0.0000277, 0.000042
        ],
        "d(f)" : [
          0.0, 0.0, 0.0, 0.0, 0.0,
          0.0, 0.0, 0.0, 0.0, 0.0,
          0.0, 0.0, 0.0, 0.0, 0.0,
          0.0, 0.0, 0.0, 0.0, 0.0
        ],
        "f units" : "1/y",
        "d(f) units" : "%"
      }
    },
    {
      "pfm transient number" : 4,
      "thermal-hydraulic sequence number" : 34,
      "PDF" : {
        "f" : [
          0.00000507, 0.00000596, 0.0000068, 0.00000775, 0.00000861,
          0.0000102, 0.0000107, 0.0000113, 0.0000124, 0.0000136,
          0.000015, 0.0000164, 0.0000177, 0.0000187, 0.0000222,
          0.0000245, 0.0000291, 0.0000344, 0.0000394, 0.0000727
        ],
        "d(f)" : [
          0.0, 0.0, 0.0, 0.0, 0.0,
          0.0, 0.0, 0.0, 0.0, 0.0,
          0.0, 0.0, 0.0, 0.0, 0.0,
          0.0, 0.0, 0.0, 0.0, 0.0
        ],
        "f units" : "1/y",
        "d(f) units" : "%"
      }
    },
    {
      "pfm transient number" : 5,
      "thermal-hydraulic sequence number" : 40,
      "PDF" : {
        "f" : [
          0.00000127, 0.00000166, 0.00000214, 0.00000305, 0.00000445,
          0.00000651, 0.00000803, 0.00000934, 0.0000124, 0.0000159,
          0.0000209, 0.0000281, 0.0000331, 0.0000411, 0.0000689,
          0.000109, 0.000174, 0.000282, 0.00039, 0.0009
        ],
        "d(f)" : [
          0.0, 0.0, 0.0, 0.0, 0.0,
          0.0, 0.0, 0.0, 0.0, 0.0,
          0.0, 0.0, 0.0, 0.0, 0.0,
          0.0, 0.0, 0.0, 0.0, 0.0
        ],
        "f units" : "1/y",
        "d(f) units" : "%"
      }
    },
    {
      "pfm transient number" : 6,
      "thermal-hydraulic sequence number" : 48,
      "PDF" : {
        "f" : [
          0.000000179, 0.000000218, 0.000000275, 0.000000325, 0.000000396,
          0.000000493, 0.000000534, 0.000000573, 0.000000647, 0.000000723,
          0.000000805, 0.000000898, 0.000000954, 0.00000102, 0.0000012,
          0.00000136, 0.00000152, 0.00000171, 0.00000189, 0.00000219
        ],
        "d(f)" : [
          0.0, 0.0, 0.0, 0.0, 0.0,
          0.0, 0.0, 0.0, 0.0, 0.0,
          0.0, 0.0, 0.0, 0.0, 0.0,
          0.0, 0.0, 0.0, 0.0, 0.0
        ],
        "f units" : "1/y",
        "d(f) units" : "%"
      }
    }
  ]
}
